{
  "New York": [40.7128, -74.0060],
  "Los Angeles": [34.0522, -118.2437],
  "San Francisco": [37.7749, -122.4194],
  "Chicago": [41.8781, -87.6298],
  "Houston": [29.7604, -95.3698],
  "Beijing": [39.9042, 116.4074],
  "London": [51.5074, -0.1278],
  "Paris": [48.8566, 2.3522],
  "Delhi": [28.612498, 77.237388],
  "Perth": [-31.9523, 115.8613],
  "Tokyo": [35.6762, 139.6503]
}
